{"MyPosX":3.7647805213928224,"MyPosY":7.486523151397705}